{"cameraMode":{"drawMode":0,"name":"Shaded","section":"Shading Mode"},"sceneLighting":true,"audioPlay":false,"sceneViewState":{"m_AlwaysRefresh":false,"showFog":true,"showSkybox":true,"showFlares":true,"showImageEffects":true,"showParticleSystems":true,"showVisualEffectGraphs":true,"m_FxEnabled":true},"in2DMode":false,"pivot":{"x":8.959705352783204,"y":3.1731724739074709,"z":-6.064514636993408},"rotation":{"x":-0.03574763983488083,"y":-0.5771469473838806,"z":0.025302253663539888,"w":-0.8154770135879517},"size":11.380964279174805,"orthographic":false}