{"cameraMode":{"drawMode":0,"name":"Shaded","section":"Shading Mode"},"sceneLighting":true,"audioPlay":false,"sceneViewState":{"m_AlwaysRefresh":false,"showFog":true,"showSkybox":true,"showFlares":true,"showImageEffects":true,"showParticleSystems":true,"showVisualEffectGraphs":true,"m_FxEnabled":true},"in2DMode":false,"pivot":{"x":-1.1804251670837403,"y":1.3576369285583497,"z":-14.181475639343262},"rotation":{"x":-0.03115176595747471,"y":0.2416534423828125,"z":-0.007762076333165169,"w":-0.9698338508605957},"size":4.004228591918945,"orthographic":false}